ner,count
владимирская область,55540
риа новости,54490
как,51070
россии,50310
сша,34970
владимир,28190
однако,26530
россия,26150
москве,24570
напомним,24350
интерфакс,24120
итар-тасс,22850
кроме,22820
reuters,19460
это,17060
по его словам,14770
москвы,14420
чечне,14180
чечни,13410
интерфаксу,12540
нтв,12410
владимир путин,11000
эхо москвы,10220
между,9790
мчс,9150
умвд,8890
так,8890
если,8240
москва,8030
associated press,7940
они,7530
сейчас,7370
светлана орлова,7150
все,7020
таким образом,6890
следственное управление,6770
вместе,6730
ранее,6700
теперь,6590
она,6570
при,6530
израиля,6460
москву,6200
cnn,6060
россию,6060
ковров,6010
фсб,5890
тем,5810
после,5750
рбк,5740
кроме того,5610
великобритании,5580
интернет,5420
северном кавказе,5400
германии,5330
госдумы,5270
его,5240
муром,5140
путин,5060
украины,5000
тогда,4670
сми,4640
bbc,4580
ananova.com,4570
один,4570
предполагается,4560
гибдд,4460
оон,4450
также,4450
afp,4430
во владимир,4350
интернете,4320
bbc news,4310
франции,4260
владимира путина,4230
белый дом,4090
между тем,4080
грозного,4050
японии,3860
мвд,3840
белоруссии,3720
россией,3710
несмотря,3680
ввс,3610
всего,3610
суздаль,3590
мвд россии,3560
для,3550
пока,3460
грозном,3380
ссср,3360
интернета,3360
кпрф,3320
согласно,3310
израиль,3290
грузии,3240
полиция,3130
лондоне,3110
андрей шохин,3080
европе,3080
гусь-хрустальный,3060
еще,3030
нью-йорке,3010
российской федерации,2990
там,2980
прайм-тасс,2940
когда,2920
эта,2910
следственный комитет,2860
поэтому,2850
впрочем,2850
эти,2820
суд,2800
вашингтоне,2750
the jerusalem post,2740
санкт-петербурге,2740
затем,2700
именно,2680
ожидается,2670
чечню,2620
санкт-петербурга,2610
нато,2610
лдпр,2610
медиа-мост,2590
испании,2570
microsoft,2560
фбр,2520
газа,2510
орт,2500
этот,2500
италии,2490
дело,2480
lenta.ru,2420
санкт-петербург,2400
михаил касьянов,2350
путина,2330
китая,2320
по предварительным данным,2300
петушинский район,2290
bloomberg,2270
возможно,2270
по его мнению,2240
медиа-моста,2220
новости,2200
около,2190
юрий лужков,2170
югославии,2170
европы,2160
законодательное собрание,2150
ингушетии,2140
петербурге,2140
сегодня,2120
снг,2120
генпрокуратуры,2120
уже,2100
александровский район,2060
швейцарии,2050
более,2050
собинский район,2040
индии,2040
косово,2040
рао еэс россии,2040
китай,2020
орлова,2010
никто,2010
госдуме,2000
мир,2000
англии,1980
роспотребнадзор,1970
гувд,1960
мвф,1950
владимиром путиным,1940
коммерсант,1940
правда,1940
накануне,1940
газпрома,1910
госдума,1900
кремле,1890
цик,1890
судогодский район,1890
палестинской автономии,1880
как сообщили интерфаксу,1870
сети,1870
турции,1850
представитель,1820
дагестана,1810
александров,1810
только,1790
суздальский район,1790
российская федерация,1790
австралии,1780
вязниковский район,1770
уфсб,1760
среди,1760
спс,1700
вашингтон,1700
украина,1700
буша,1700
министр,1690
московская область,1680
через,1680
курска,1680
такое,1680
курск,1670
украине,1660
буш,1650
париже,1650
что,1640
госдуму,1640
минобороны,1630
ирака,1610
московской области,1610
ему,1610
вконтакте,1590
прибывшие,1570
израиле,1570
владимир сипягин,1560
представители,1540
германия,1540
газпром-медиа,1540
совета федерации,1540
как сообщает интерфакс,1530
позже,1530
фильм,1510
государственная дума,1510
мчс россии,1500
перед,1490
петербурга,1480
единство,1470
ковровский район,1470
афганистана,1460
гувд москвы,1460
нижний новгород,1460
чеченской республики,1450
кольчугино,1450
газпром,1450
ртр,1440
октябрьский районный суд,1440
сизо,1430
объединенной группировки войск,1430
франция,1420
ближнем востоке,1400
единая россия,1400
клинтона,1390
джордж буш,1390
владимирская,1380
гусинского,1380
федерации,1380
президент,1370
флорида,1370
владимиру путину,1370
владимирский областной суд,1350
нтв.ru,1340
управления,1330
таким,1330
сначала,1320
причины,1320
многие,1320
иордан,1310
сразу,1310
ленинградской области,1300
владимиро-суздальский музей-заповедник,1300
тбилиси,1300
джорджа буша,1300
молвы 33,1300
грозный,1300
владивостока,1290
об этом интерфаксу,1280
австрии,1280
нью-йорка,1280
дагестане,1280
яблоко,1280
выступая,1270
эксперты,1270
цру,1270
нью-йорк,1260
сергей ястржембский,1260
билл клинтон,1260
специалисты,1250
мвд рф,1250
врачи,1250
государственной думы,1240
соборная площадь,1240
гудермесе,1230
токио,1220
фрг,1220
следствие,1220
приморья,1220
афганистане,1210
цска,1200
известно,1190
горький,1190
правительство,1180
nasdaq,1180
канады,1180
отвечая,1180
взрыв,1180
белого дома,1170
игорь иванов,1170
инцидент,1170
кемеровской области,1170
киржач,1160
известия,1160
вскоре,1160
чехии,1160
камешковский район,1160
подмосковье,1160
латвии,1150
решение,1150
влгу,1150
калашникова,1150
борис ельцин,1140
приморского края,1140
совет федерации,1140
власти,1130
nasa,1130
клинтон,1130
израилем,1130
чеченской республике,1120
лиза алерт,1120
казахстана,1110
евгений кафельников,1110
арбитражный суд,1110
швеции,1110
второй мировой войны,1110
хаттаба,1110
например,1110
киеве,1110
кремля,1100
владимира гусинского,1100
тасс,1090
овр,1090
ирана,1090
александр вешняков,1090
обсе,1090
торпедо,1080
управление,1080
тв-6,1080
опек,1080
калифорнии,1080
иерусалима,1080
китае,1070
лондона,1070
иваново,1070
управлении,1070
мне,1070
гороховец,1060
мид,1060
интерфакса,1050
приморье,1040
америки,1040
генпрокуратура,1030
бориса ельцина,1030
аэрофлота,1030
владимир жириновский,1030
одна,1030
по ее словам,1030
самолет,1030
гагарин,1020
ук рф,1020
пакистана,1020
америке,1020
здесь,1020
камешково,1010
про,1010
центробанка,1010
греции,1010
интернету,1010
масхадова,1010
октябрьский проспект,1010
против,1000
киржачский район,1000
газета.ru,1000
павла бородина,1000
борис березовский,1000
пожар,990
юрия лужкова,990
флориде,990
такое решение,990
онф,990
великой отечественной войны,990
ясир арафат,980
иванов,980
лос-анджелесе,980
гусь-хрустального район,980
иерусалиме,970
оао газпром,970
илья клебанов,970
польши,970
большая московская,970
несколько,970
ясира арафата,970
оскар,970
люди,960
марат сафин,960
фсб россии,950
саудовской аравии,950
преступники,950
великобритания,950
ольга деева,950
меленковский район,950
алексей кудрин,950
уфсин,940
бородина,940
касьянов,940
эхуд барак,940
пентагона,940
билла клинтона,940
ирак,940
дагестан,930
вгтрк,930
норвегии,930
ananova,930
увд,930
лужков,930
кремль,920
вязниках,920
лишь,910
флориды,910
мид россии,910
юрьев-польский район,910
центризбирком,910
по сообщению ananova.com,910
бельгии,900
вене,900
по последним данным,900
глава,900
березовский,890
думы,890
адвокат,890
сергей иванов,890
игорь сергеев,890
берлине,890
таджикистана,890
причем,880
сербии,880
судя,880
муромский район,880
евросоюза,880
одновременно,870
масхадов,870
сотрудники,870
македонии,870
геннадий зюганов,870
владивостоке,870
фрунзенский районный суд,870
закон,870
гусинский,870
отечество,870
калифорния,870
губернатор,860
лукашенко,860
талибан,860
соединенных штатов,860
техас,860
вязников,860
сообщается,860
аслана масхадова,850
генерал,850
большая нижегородская,850
по их мнению,850
финляндии,850
милиция,850
лыбедская,850
ставропольского края,850
виктор христенко,850
ведомости,850
минске,850
примерно,850
юрьевец,840
вероятно,840
из-за,840
путину,840
центризбиркома,840
студеная гора,840
европейского союза,840
баренцевом море,840
молдавии,830
яблока,830
водитель,830
герман греф,830
наблюдатели,830
сергея ястржембского,830
карачаево-черкесии,830
басаева,820
по словам,820
земли,820
возбуждено уголовное дело,820
планируется,820
выяснилось,810
хамас,810
интернетом,810
прокуратура,810
верховный суд,810
болгарии,810
никаких,810
жертв,800
рао еэс,800
сан-франциско,800
генпрокуратуру,800
амана тулеева,800
ариэль шарон,800
the washington post,800
сипягин,800
cnn.com,800
сбербанк,800
сочи,800
владимир рушайло,800
азербайджана,790
машина,790
армении,790
северного флота,790
путиным,790
ленинский районный суд,790
france presse,780
компания,780
южной кореи,780
лондон,780
парижа,780
динамо,780
жириновский,780
азии,780
спартак,780
совет народные депутаты,770
хаттаб,770
александр лукашенко,770
нетоскоп,770
аслан масхадов,770
валентина матвиенко,770
ичкерии,770
поводом,770
шарон,770
палестины,760
помимо,760
жигули,760
лиги чемпионов,760
эха москвы,760
по данным следствия,760
сергей шойгу,750
байконур,750
венгрии,750
законопроект,750
румынии,750
всмз,750
театральная площадь,750
единства,750
турция,740
проект,740
бориса березовского,740
комментируя,740
вся россия,740
лукойл,740
александр кирюхин,740
европу,740
новосибирской области,740
канаде,740
струнино,740
гороховецкий район,740
минпечати,740
мпс,730
по сообщению интерфакса,730
вице-премьер,730
документ,730
бразилии,730
владимир гусинский,730
некоторые,730
мосгорсуд,730
windows,730
украину,730
игорь конышев,730
макарова,730
боевики,720
милиционеры,720
мурома,720
арафат,720
такие,720
коммерсанта,720
недавно,720
скорой,720
международной космической станции,710
тем не менее,710
шали,710
рао,710
преступник,710
вашингтона,710
по их словам,710
арафата,710
intel,710
валерий манилов,710
париж,710
анатолий чубайс,710
генпрокуратуре,710
брюсселе,700
огонь,700
новосибирске,700
минфин,700
вопрос,700
кадыров,700
свобода,700
сам,700
радужный,700
особенно,700
киев,700
юнеско,700
оскара,700
мадлен олбрайт,700
победа,700
одним,690
павел бородин,690
бин ладена,690
индонезии,690
покров,690
мид рф,690
газпромом,690
лакинск,690
соединенные штаты,690
эту,690
леонид кучма,690
под,680
фатх,680
счетная палата,680
оно,680
кольчугинский район,680
белоруссия,680
киева,680
этим,680
египта,680
the times,680
александрова,680
западном берегу,680
минфина,680
источники,670
утром,670
по некоторым данным,670
казахстан,670
фрунзе,670
конституции,670
испанию,670
иран,670
лос-анджелеса,670
ми-8,670
северной осетии,660
узбекистан,660
ak&m,660
грузию,660
ахмад кадыров,660
литвы,660
япония,660
ведется следствие,660
ястржембский,650
yahoo,650
депутаты,650
чтобы,650
кнр,650
итоги,640
швейцарию,640
гудермес,640
юар,640
красноярского края,640
оперативники,640
ельцина,640
слободана милошевича,640
ковровский городской суд,640
дтп,640
чикаго,640
геннадий селезнев,640
европа,640
францию,640
наконец,640
ту-154,640
по словам очевидцев,630
афганистан,630
московская,630
ариэля шарона,630
цфо,630
гусь-хрустальном район,630
аэрофлот,620
трагедия,620
локомотив,620
кавказ,620
аргуне,620
кгб,620
нью-джерси,620
ясиром арафатом,620
есть,620
нам,620
причина,610
зебра-тв,610
вязники,610
татарстана,610
запад,610
португалии,610
генштаба,610
всемирного банка,610
италия,610
дпс,610
пострадавших,610
тони блэр,610
сборная россии,610
по словам адвоката,610
милошевича,610
моздоке,600
зао,600
индия,600
шамиля басаева,600
верховного суда,600
федеральное агентство новостей,600
москвой,600
спустя,600
как сообщает итар-тасс,600
ленин,600
деньги,600
советского союза,600
германию,600
спасатели,600
по словам министра,600
предполагалось,590
авария,590
якутии,590
france-presse,590
женеве,590
другие,590
гудермеса,590
киргизии,590
душанбе,590
барака,590
евгений киселев,590
госдумой,580
предположительно,580
дума,580
хотя,580
департамент здравоохранение,580
северный кавказ,580
эстонии,580
аналитики,580
оба,580
наиболее,580
апл курск,580
гора,580
следователи,580
боснии,580
установлено,580
чечней,570
дмитрия холодова,570
борис немцов,570
далее,570
бигавтотранс,570
бородин,570
собинке,570
адм,570
подмосковья,570
сергей плаксин,570
ростове-на-дону,570
aol,570
сергей кириенко,570
великобританию,560
дании,560
в контакт,560
алексей конышев,560
женщина,560
дружба,560
запада,560
ebay,560
голландии,560
анатолия быкова,560
такая,560
нижегородская область,550
газета,550
пакистане,550
ивановская область,550
землю,550
во вторник,550
судогде,550
ленинский район,550
рамалла,550
пасе,550
шарона,550
вешняков,550
даже,550
вто,550
казани,550
михаила касьянова,550
местные,540
чили,540
аргунском ущелье,540
кубы,540
до сих пор,540
гусь-хрустальном,540
минюста,540
виктор геращенко,540
барак,540
кирилл николенко,540
рихтера,540
комиссия,540
три,540
нового года,540
речь,540
потом,540
следком,540
иркутской области,540
малайзии,530
было,530
совета безопасности,530
клязьма,530
северного кавказа,530
георгия гонгадзе,530
шойгу,530
майами,530
зато,530
ливана,530
совета европы,530
аргун,530
пакистан,530
источник,530
словакии,530
пентагон,530
сборной россии,520
камаз,520
аргентины,520
твц,520
государственную думу,520
башкирии,520
михаил колков,520
министерства,520
kfor,520
селивановский район,520
ковровский,520
фонда,520
площадь,520
абхазии,520
борис грызлов,520
mabetex,520
северной ирландии,520
во-первых,520
александровский,520
иордании,520
кндр,520
баку,520
больше,520
белом доме,520
калининградской области,520
мосгорсуде,520
торонто,510
центральный парк,510
израилю,510
лужкова,510
международного валютного фонда,510
быкова,510
манилов,510
washington post,510
африки,510
омона,510
поскольку,510
махачкале,510
по данным интерфакса,510
сафин,510
пострадавшие,510
вместо,510
первоначально,510
счетной палаты,510
тнт,510
эхуда барака,510
бомба,510
правоохранительные органы,510
владимирский,510
по словам источника,510
скорая,510
сеть,510
центробанк,510
усти-на-лабе,510
джорджа буша-младшего,510
махачкалы,510
совета безопасности оон,510
курской области,500
риме,500
сотрудники милиции,500
кафельников,500
суздальский,500
нижнем новгороде,500
владимир устинов,500
ингушетию,500
президент россии,500
японию,500
муромский,500
мексики,500
движение,500
htb.ru,500
любопытно,500
скорее,500
министерство культура,500
росбизнесконсалтинг,500
шотландии,500
грузия,490
нижегородской области,490
сумма,490
украиной,490
new york times,490
интерпола,490
китаем,490
австралия,490
обвинение,490
анна бобриковой,490
ельцин,490
евросоюз,490
справедливая россия,490
турцию,490
владимирский централ,490
свердловской области,490
чечня,480
впервые,480
тем временем,480
тайваня,480
очевидно,480
ввс сша,480
гантамиров,480
полицейские,480
журналисты,480
колумбии,480
николай кошман,480
думе,480
конечно,480
белграде,480
начиная,480
dow jones,480
киселев,480
палестинцы,480
суздальский проспект,480
заместитель,480
октябрьский район,480
шамиль басаев,480
испания,480
на месте происшествия,480
скорая помощь,480
газе,470
ленинском районе,470
ханкале,470
на место происшествия,470
баренцева моря,470
ситуация,470
польше,470
зюганов,470
новой зеландии,470
ока,470
). как,470
луначарский,470
веденском районе,470
гусь-хрустального,470
матч,470
дмитрий хвостов,470
евгений примаков,470
красноярске,470
леонида кучмы,470
sony,470
boeing,470
ахмада кадырова,470
газпрому,470
ibm,470
мкс,460
кучма,460
владимир киселев,460
оаэ,460
басаев,460
мчс рф,460
евгения киселева,460
центра,460
расследование,460
ленина,460
дмитрий медведев,460
тель-авива,460
владивосток,460
анна курникова,460
альфред кох,460
александр филиппов,460
сигнал,460
как сообщалось ранее,460
коммерсантъ,460
новосибирска,460
росинформцентре,460
палаты,460
стамбуле,460
таджикистан,450
по мнению экспертов,450
фсб рф,450
агентство военных новостей,450
левитан,450
часть,450
азербайджан,450
михаил швыдкой,450
осамы бин ладена,450
вечером,450
анжи,450
день,450
соглашение,450
березовского,450
дальэнерго,450
съемки,450
фрунзенский район,450
кстати,450
дели,450
андре агасси,450
